[
    {
        "id": 1,
        "question_text": "What is the capital of India??",
        "answer_options": [
            "Mumbai",
            "Delhi",
            "Kolkata",
            "Ahmedabad"
        ],
        "correct_answer": "Mumbai",
        "author": "jeff"
    },
    {
        "id": 2,
        "question_text": "Who is the first person climb Mt. Everest",
        "answer_options": [
            "Bachindri Pal",
            "Santosh Yadav",
            "Prity Songupta",
            "Mehere Mosa"
        ],
        "correct_answer": "Bachindri Pal",
        "author": "shefry"
    }
]
